[{"id":1552044229561,"name":"Varun Rajaurya","email":"varun@123.com","Password":"123456"},{"id":1552388450576,"name":"Varun Singh","email":"vikra@gmail.com","Password":"qwerty"},{"id":1552388991378,"name":"Sukhpal Singh","email":"sukhpal.singh@mail.vinove.com","Password":"12345678"},{"id":1552452665760,"name":"Akash Saxena","email":"akash@gmail.com","Password":"asdfzxcv"},{"id":1552452910790,"name":"Deepanshu","email":"deep@gmail.com","Password":"zxcvbnmk"},{"id":1552453161082,"name":"Sukhdevv singh","email":"sukh@gmail.com","Password":"qwerasdf"},{"id":1552456461056,"name":"Chiranjeev","email":"chiran@gmail.com","Password":"asdfzxcv"},{"id":1552456635322,"name":"Ravinder","email":"rav@gmail.com","Password":"asdfzxcv"},{"id":1552458824326,"name":"Binny Bansal","email":"binny@gmail.com","Password":"binny123"},{"id":1552465416035,"name":"Chandan Gupta","email":"chandan@gmail.com","Password":"78945612"}]